__v,_id,create_by,createdAt,del_flg,j_name,j_remark,update_by,updatedAt
0,6462f19214000a078d2044e3,6462deb5d51b944257e6d045,2023-05-16T02:59:30.073Z,false,Programmer,null,6462def3d51b944257e6d04b,2023-05-16T02:59:30.073Z
0,6462f1c8acc22f2d055a7e2e,6462deb5d51b944257e6d045,2023-05-16T03:00:24.495Z,false,Software Developer,null,6462def3d51b944257e6d04b,2023-05-16T03:00:24.495Z
0,646387a40a5d74a6111eb912,6462deb5d51b944257e6d045,2023-05-16T13:39:48.940Z,false,National Mobility Administrator,in rem quia sed beatae corporis sequi ut explicabo nostrum,,2023-05-16T13:39:48.940Z
0,646387a40a5d74a6111eb913,6462deb5d51b944257e6d045,2023-05-16T13:39:48.941Z,false,International Markets Executive,nostrum labore in laboriosam illum aliquid necessitatibus illo asperiores ipsa,,2023-05-16T13:39:48.941Z
0,646387a40a5d74a6111eb914,6462deb5d51b944257e6d045,2023-05-16T13:39:48.941Z,false,Future Functionality Director,illum vero laboriosam rerum tempora porro eum necessitatibus dicta necessitatibus,,2023-05-16T13:39:48.941Z
0,646387a40a5d74a6111eb915,6462deb5d51b944257e6d045,2023-05-16T13:39:48.941Z,false,Direct Functionality Liaison,aut ut tempore omnis tenetur minima enim cum voluptates omnis,,2023-05-16T13:39:48.941Z
0,646387a40a5d74a6111eb916,6462deb5d51b944257e6d045,2023-05-16T13:39:48.941Z,false,Senior Communications Technician,nihil voluptates voluptate placeat minima qui inventore iusto dolores voluptatem,,2023-05-16T13:39:48.941Z
0,646387a40a5d74a6111eb917,6462deb5d51b944257e6d045,2023-05-16T13:39:48.941Z,false,District Usability Liaison,doloremque consectetur dignissimos voluptatum corrupti rem aut soluta cumque eligendi,,2023-05-16T13:39:48.941Z
0,646387a40a5d74a6111eb918,6462deb5d51b944257e6d045,2023-05-16T13:39:48.942Z,false,Global Response Consultant,porro illum ab error fuga molestiae eligendi illum praesentium dolorem,,2023-05-16T13:39:48.942Z
0,646387a40a5d74a6111eb919,6462deb5d51b944257e6d045,2023-05-16T13:39:48.942Z,false,Chief Markets Administrator,aliquid molestiae vel inventore sed pariatur quo perferendis molestias ab,,2023-05-16T13:39:48.942Z
0,646387a40a5d74a6111eb91a,6462deb5d51b944257e6d045,2023-05-16T13:39:48.942Z,false,Senior Tactics Planner,voluptas eveniet saepe veritatis saepe nesciunt nihil enim necessitatibus cum,,2023-05-16T13:39:48.942Z
0,646387a40a5d74a6111eb91b,6462deb5d51b944257e6d045,2023-05-16T13:39:48.942Z,false,Corporate Accountability Architect,facere error blanditiis commodi corrupti explicabo omnis quaerat officia porro,,2023-05-16T13:39:48.942Z